Longitude,Latitude,vin cnt
-85.5060841,33.646553,4
-85.5018143,32.5668209,585
-85.498075,32.5741892,636
-85.463608,32.6179643,136
-85.4615522,32.6190245,195
-85.4601597,32.6197916,6
-85.4431633,32.6095443,277
-85.4302225,32.6060002,209
-85.3956032,33.1783422,57
-85.3839149,32.648411,25
-85.3756047,32.6539645,54
-85.3671631,33.5950978,2
-85.3618377,32.6430126,164
-85.3618236,32.6443793,611
-85.3576038,32.6429102,813
-85.348632,32.643452,1
-85.3091248,34.5271558,11
-85.291956,33.7441501,14
-85.2746609,34.7383585,46
-85.2555183,34.0074587,115
-85.24825,33.5399641,182
-85.2291259,34.956776,1
-85.2139912,32.8189315,131
-85.2118313,32.8185124,137
-85.2085247,34.2679034,71
-85.2050235,34.0157925,295
-85.1904165,32.8536648,1
-85.1870735,32.8729196,32
-85.1811862,34.2684447,137
-85.1798219,34.2633237,14
-85.1754665,34.2600509,23
-85.1654012,33.7612774,595
-85.160019,34.236395,78
-85.1523327,34.2232871,620
-85.152177,34.222352,583
-85.1517302,34.2241381,576
-85.1450103,34.2771823,355
-85.1428,33.7238,135
-85.13207,34.900919,1493
-85.125851,34.914385,20
-85.1042432,34.9108845,41
-85.085595,33.6084049,192
-85.0808454,33.6019187,577
-85.064125,33.580475,328
-85.055308,33.587321,310
-85.0529572,33.5880212,184
-85.0369666,33.5977759,4
-85.0292939,33.091959,5
-85.0291518,33.0561864,53
-85.0086867,33.0390544,197
-85.0047919,33.613149,12
-85.0025211,33.0418613,383
-85.0005482,33.0421732,1491
-84.9957704,33.9258797,6
-84.994321,33.0417262,107
-84.9933306,33.0411023,1117
-84.9921549,34.7486859,391
-84.9910629,34.6914668,29
-84.9624118,34.7615953,448
-84.9477191,34.4895711,2
-84.9438725,34.7603836,70
-84.9401462,33.7181581,487
-84.938312,34.761041,1292
-84.9360712,34.7782867,10
-84.9282907,34.476221,155
-84.9219676,34.4763968,27
-84.9171368,33.7291858,51
-84.8464105,33.4143687,24
-84.8339722,34.1465248,157
-84.8324896,34.1486638,18
-84.8272508,33.91752,192
-84.8224538,34.782195,48
-84.8208239,33.7304838,11
-84.818149,34.220383,1
-84.8173027,34.2059007,2
-84.8115162,34.2394997,122
-84.8114403,34.2037184,276
-84.798126,33.910071,67
-84.7978309,34.1938556,4
-84.7944741,34.1845583,19
-84.7940983,34.1740305,2
-84.7937811,33.3624243,123
-84.792069,33.3613829,9
-84.789625,34.1627731,282
-84.78876,34.167023,180
-84.78775,34.1915119,438
-84.7864286,34.1842944,104
-84.784979,33.7404892,22
-84.7829824,34.1696421,983
-84.7820587,34.1701195,97
-84.7818643,34.1709519,70
-84.781289,33.3318483,64
-84.7809011,33.9094265,1
-84.7777784,33.9106346,239
-84.7727307,33.9168066,1841
-84.7692394,33.392818,74
-84.7684172,33.917135,346
-84.7665776,33.919044,805
-84.765272,33.968349,233
-84.7639314,33.3976624,2
-84.7626813,33.38713,608
-84.7618965,33.8953408,274
-84.7562809,33.3984361,651
-84.7552483,33.3958126,1147
-84.7521392,33.3957329,678
-84.7519839,34.215221,75
-84.7513861,33.3977818,1235
-84.7511834,33.7911848,1
-84.7387999,33.7579103,19
-84.737171,33.3973595,42
-84.7280811,34.08569,7
-84.726673,33.400785,1754
-84.7202944,33.4032756,242
-84.7037976,33.7486034,364
-84.6979444,34.0460732,29
-84.6974118,34.2212522,94
-84.684243,33.4469456,454
-84.6630232,33.7130176,30
-84.6608664,34.0587055,93
-84.6600499,34.0625454,10
-84.659983,34.063318,2
-84.6391244,34.0792461,8
-84.6292384,33.7908044,664
-84.619107,34.0177488,192
-84.6158384,33.7861511,600
-84.6134004,33.7862383,438
-84.6127233,33.7837781,795
-84.6124046,33.8312991,42
-84.6117935,33.7860983,649
-84.6101938,33.7835945,777
-84.610022,33.7859209,2267
-84.6083836,34.0300117,6
-84.6069876,33.8179683,8
-84.6065196,33.7821887,43
-84.6050623,33.7729514,1219
-84.6043238,34.0025907,2
-84.603529,33.786448,15
-84.6025891,33.7699391,599
-84.602018,34.045991,13
-84.6020115,33.7688202,437
-84.5996227,33.9451016,1
-84.5865953,33.5573784,6
-84.585468,33.7680248,5
-84.5852916,34.118874,1
-84.5848732,33.9981764,8229
-84.5828765,34.0893048,39
-84.5817367,34.0028545,173
-84.5803385,34.0882839,685
-84.5799032,33.5522241,10
-84.579227,34.0081886,1046
-84.5790488,34.0068712,677
-84.5790439,33.8899821,19
-84.5787082,34.0060169,703
-84.5786846,34.0028715,775
-84.5786017,34.0094355,1443
-84.578479,34.0044687,1009
-84.5782331,34.0103796,656
-84.5768237,34.0099903,608
-84.5757413,34.0881965,141
-84.574489,34.0247638,716
-84.5700848,33.9017768,152
-84.558704,34.086155,119
-84.5582936,33.9115332,33
-84.5582322,33.5785515,1
-84.5574519,34.0854485,121
-84.5549978,33.980172,669
-84.5491401,33.9188869,22
-84.5483208,33.9311141,558
-84.5475672,33.9763739,1989
-84.5450506,33.9757564,67
-84.5427653,33.905661,241
-84.5417592,33.9371282,573
-84.5411663,34.086373,1373
-84.5404866,33.8978531,85
-84.5401241,33.942496,11
-84.5401157,33.9425267,20
-84.5394067,33.9817814,110
-84.538368,33.570628,1151
-84.5380066,33.9437572,204
-84.5379455,33.9488147,380
-84.5377463,33.9508705,667
-84.5366146,33.9486037,91
-84.5350332,33.9481748,87
-84.5349344,33.9570191,134
-84.5345951,33.8840734,22
-84.53459,33.95574,187
-84.5345532,33.8795459,48
-84.5337566,33.8801967,758
-84.533698,33.894743,55
-84.5334152,33.9657085,184
-84.5325092,33.9101651,170
-84.531473,34.212852,10
-84.531252,33.568115,566
-84.5303233,33.5671951,755
-84.5301032,33.9616028,132
-84.5298779,33.9627435,148
-84.5297849,33.568457,792
-84.5292041,34.1048139,516
-84.5281912,33.5685622,1767
-84.5276476,33.9513067,266
-84.5274458,33.5657071,4619
-84.5270911,33.9514601,4
-84.5253318,33.9505135,5
-84.5253215,33.5685886,1391
-84.5250468,33.5667849,624
-84.5245956,33.9505445,393
-84.5245773,33.9867483,526
-84.5236547,34.1316343,440
-84.5233202,33.5689979,284
-84.5232634,33.9013154,2
-84.5222178,33.5677153,430
-84.5219152,34.0790741,81
-84.5218093,33.9810106,24
-84.5217676,33.5644591,81
-84.521374,33.5665934,516
-84.5201239,33.5635531,206
-84.5196383,33.9515199,436
-84.5195091,33.5628119,4535
-84.519393,34.0820825,32
-84.5185027,33.9517585,258
-84.5180419,33.8603553,1223
-84.5176344,33.9428049,1668
-84.517127,33.561073,71
-84.515296,33.939874,1105
-84.5145093,33.9406926,1026
-84.5134223,33.9381337,540
-84.5129133,33.9339893,839
-84.5121547,33.588567,713
-84.511843,33.9423745,68
-84.5116689,33.9327976,630
-84.5108043,33.9390419,219
-84.5102226,33.9333839,2318
-84.5099515,34.0880498,2
-84.5098458,33.9287932,86
-84.5091802,33.9312397,577
-84.5085341,33.9299991,723
-84.5079853,34.1421839,11
-84.5079414,33.928584,1589
-84.507443,33.927334,47
-84.5066724,34.4693186,205
-84.5062962,33.9259071,2054
-84.5062633,34.0873917,304
-84.5062631,33.8895748,2
-84.5055662,33.9483532,29
-84.5052126,33.9232927,130
-84.505056,33.9238664,1291
-84.504718,33.9532139,205
-84.5046749,33.9522883,78
-84.504516,33.951448,191
-84.504419,33.9522972,44
-84.504349,33.953666,119
-84.5037772,33.9220939,193
-84.5032413,34.0855666,337
-84.5031138,33.954688,1836
-84.5021361,34.1824659,588
-84.502096,34.0880198,9
-84.501385,33.919012,691
-84.5008952,33.9578285,5
-84.4986787,33.9589811,1289
-84.4984731,33.9030251,271
-84.4983957,33.9524194,755
-84.4980679,33.9453698,134
-84.4972224,33.9144674,1035
-84.4969152,34.194074,86
-84.496568,33.905457,1
-84.4961142,33.913846,26
-84.4958524,33.9508779,24
-84.4941804,33.9638696,605
-84.4940147,33.9085352,604
-84.493493,33.913584,91
-84.4931709,33.9080353,190
-84.4931241,33.9487848,13
-84.4930642,33.9651035,486
-84.4924742,33.9072657,598
-84.4914713,34.6561903,90
-84.4912873,33.9071248,49
-84.4903322,33.9134238,349
-84.4892335,33.9098086,400
-84.4886626,33.9032715,1114
-84.4885859,34.6707325,539
-84.4852274,33.8986893,504
-84.4850147,33.9003456,103
-84.4849871,33.9013388,1235
-84.4843799,33.8558208,2
-84.48409,33.8993314,515
-84.4828619,33.8997993,1849
-84.4794095,33.7558972,415
-84.4790614,34.6853326,177
-84.4740902,33.8861073,1880
-84.4731279,33.6230596,4
-84.4727414,33.923886,89
-84.4697663,33.9290987,39
-84.4659889,34.2656479,247
-84.4650924,34.2628007,3
-84.4650382,34.2626915,779
-84.4648145,34.2611167,1073
-84.4647234,33.9193601,3
-84.455018,34.4614369,10
-84.454712,33.442484,17
-84.4544739,33.4524417,374
-84.454453,34.453889,591
-84.4537221,34.4495544,197
-84.4507317,33.7602883,4
-84.4496179,33.8991206,2042
-84.448772,33.7946333,3124
-84.442743,33.4432651,31
-84.4382311,33.4755386,2
-84.4376568,33.4762111,11
-84.4345392,33.5044345,2
-84.41654,33.5457954,733
-84.4149435,33.5548754,103
-84.4115788,33.5719925,23
-84.4080375,33.6746022,2
-84.4015075,33.5528023,187
-84.380832,33.8910313,82
-84.3800508,33.9080579,25
-84.3800043,33.9318881,1515
-84.3789153,33.8761658,2
-84.3784358,33.6201929,19
-84.369479,33.5562962,195
-84.3690594,33.8378669,1693
-84.3668104,33.8305526,897
-84.3659696,33.9632442,1083
-84.3646257,33.9621759,773
-84.3645891,33.9647108,814
-84.3645462,33.9564736,1075
-84.363914,33.531796,10
-84.3622498,34.0103319,841
-84.3598768,33.9159602,7
-84.3583947,33.8544526,60
-84.357991,33.9713005,283
-84.3578926,33.8222059,617
-84.3546034,34.0307391,287
-84.3539568,34.0303769,380
-84.3530674,34.0318622,109
-84.3518635,33.5367275,6
-84.3508432,33.5371793,14
-84.3508365,33.5371604,24
-84.350379,34.0337878,164
-84.3490818,33.6136062,39
-84.3490692,34.0332293,432
-84.3484394,33.5538617,595
-84.348144,34.033738,275
-84.3474316,33.5570948,2670
-84.347361,34.0359389,190
-84.3459066,33.5559477,134
-84.345838,34.03316,253
-84.3448034,33.5670121,99
-84.3445812,33.5603734,499
-84.3445398,33.5734647,71
-84.3442611,33.5682056,770
-84.3442475,33.5631256,1
-84.3441303,33.5625247,273
-84.3426596,33.5697585,1078
-84.342588,33.9137806,79
-84.3411386,34.0456739,624
-84.3401415,34.0350597,8
-84.3398719,34.0525048,6
-84.3391144,34.0353002,15
-84.3370101,34.0517319,1227
-84.3368596,34.0423569,1098
-84.3355906,34.0509131,211
-84.3355345,34.8491782,400
-84.3350883,34.0523239,922
-84.3348465,32.9194331,18
-84.3340047,34.0513978,815
-84.3306715,34.0528649,22
-84.329735,33.84203,956
-84.329294,34.0561802,588
-84.3292882,34.0432373,594
-84.3288176,34.0577588,1375
-84.3281738,34.0218353,811
-84.3278728,34.0585091,2785
-84.326809,34.059373,2902
-84.3250937,34.0587846,1129
-84.3248991,34.0612258,1
-84.3247866,34.0408632,872
-84.3244322,34.0595632,826
-84.3226029,34.0420209,102
-84.3224125,34.0412117,593
-84.3211401,34.0409145,352
-84.3200566,34.0394314,751
-84.3190276,33.5677939,536
-84.3165846,33.5662272,1581
-84.3157288,33.8541892,1
-84.3147527,34.0388389,537
-84.3130145,33.5679367,997
-84.3126975,33.8165558,5
-84.3123379,34.0657563,199
-84.3091344,33.868407,1
-84.308266,33.8936309,601
-84.3063741,33.7890527,2
-84.3039979,34.0598394,517
-84.3039765,34.0595372,28
-84.30362,33.8966373,620
-84.3017268,34.0674414,69
-84.3013638,33.8988831,1596
-84.2979573,33.9022589,576
-84.2968891,33.9042483,564
-84.2956992,33.9045041,1
-84.295457,33.9047615,2822
-84.2945751,33.9043285,1
-84.2944272,33.8733059,72
-84.2944077,33.8733218,303
-84.2943595,33.9058456,2877
-84.2942913,33.9069814,1369
-84.2927831,33.907413,1622
-84.292175,34.238789,49
-84.2920898,33.3013732,897
-84.292084,33.9094951,1337
-84.291744,33.299107,479
-84.29112,33.306053,629
-84.2909696,33.9090814,499
-84.2909331,33.2817377,55
-84.2901731,33.9111599,1078
-84.28992,33.305656,556
-84.2898669,33.5496808,7265
-84.2891394,33.8830326,26
-84.2884653,33.9096934,1243
-84.2883412,33.863595,26
-84.2872407,33.897252,294
-84.2852995,33.8835769,228
-84.2846829,33.7941241,870
-84.2833523,33.9086381,505
-84.2825227,33.7978234,143
-84.280446,34.038485,2
-84.2784942,33.8049554,133
-84.2760646,33.902931,48
-84.2751365,33.5477258,22
-84.2723253,34.893401,393
-84.2718028,33.246648,29
-84.2697923,33.907062,687
-84.269459,33.755498,186
-84.2674042,33.8864108,214
-84.2646082,33.7939847,78
-84.263045,34.095875,6
-84.2623661,33.8861785,33
-84.260602,33.558518,31
-84.2581373,34.1274017,397
-84.2579931,34.1282148,126
-84.2577362,34.1268238,809
-84.2577219,33.9349017,5
-84.2565088,33.9252079,89
-84.2552667,33.9202638,35
-84.2545076,33.9669723,2
-84.2544643,33.9669314,8
-84.2544642,33.9669314,100
-84.2537734,34.1320306,169
-84.2515847,34.1458737,236
-84.2502753,33.8474863,5
-84.2491376,34.1347388,101
-84.2488282,33.9686558,11
-84.248685,33.7617551,2
-84.248378,34.1403821,30
-84.2478499,34.1368652,788
-84.246304,33.898415,600
-84.2435203,34.1441152,97
-84.2404582,34.1357002,1149
-84.2402159,34.1265953,71
-84.2401782,34.1260839,20
-84.2400427,34.1261244,150
-84.2398614,33.7795181,256
-84.2384993,34.1084373,33
-84.2378202,34.1107673,292
-84.237449,33.838306,20
-84.2374024,33.9369654,10
-84.237319,34.114011,231
-84.2372645,33.9523201,81
-84.2366266,34.2379419,71
-84.2354123,33.9630422,6
-84.2339306,33.8428344,2
-84.2334958,33.754025,226
-84.229838,33.8485439,2
-84.2289613,34.1239535,4
-84.2261928,33.9313429,440
-84.224044,33.849376,207
-84.2238252,33.911282,3
-84.2185915,34.1295345,7
-84.2164261,33.7386097,647
-84.2153846,33.8529836,10
-84.2123583,33.8539933,9
-84.211123,33.5413129,6
-84.2107348,33.8016326,1380
-84.2053579,34.2397804,2
-84.2040878,33.9438617,295
-84.2001608,33.9474124,344
-84.197433,34.240672,125
-84.1973271,33.848377,152
-84.1947725,33.953185,2682
-84.193126,33.8314032,3
-84.1930162,33.8579013,175
-84.1929803,34.2396981,80
-84.1893912,33.4299152,949
-84.1882655,33.8065698,122
-84.1880544,33.4293495,68
-84.1862882,33.4295606,5
-84.1862537,33.4296507,1497
-84.182305,33.97452,41
-84.1787036,33.4238874,1532
-84.178147,33.9670401,205
-84.1775338,34.0483489,186
-84.1774308,33.9672608,374
-84.1737868,34.1437479,643
-84.1720621,34.1434919,187
-84.1720114,34.2363238,173
-84.1710076,33.9327112,11684
-84.170824,33.970564,241
-84.1698599,33.4195411,469
-84.1692278,33.4190488,2
-84.1665518,33.9734027,275
-84.1639603,34.1670398,730
-84.1624848,34.0211044,180
-84.1622827,33.4146165,49
-84.1621264,34.0219528,28
-84.1598483,33.9420242,7
-84.1594634,34.0194009,623
-84.1578777,34.0192802,169
-84.1556544,33.9833316,354
-84.1535208,33.0364561,71
-84.1533601,33.4180439,158
-84.1521616,33.9929736,56
-84.1482201,34.1812332,1252
-84.1462769,33.8887523,1373
-84.1460992,33.9675947,1299
-84.144638,34.212181,82
-84.1445306,33.9669346,368
-84.1437471,33.9662083,1002
-84.1428365,33.9678672,2589
-84.1428149,33.8912311,22
-84.1420585,33.4493051,60
-84.1402446,33.9628685,2782
-84.1369672,34.2052757,143
-84.1363754,34.194473,572
-84.1352584,34.1925656,100
-84.1348415,34.1918115,54
-84.133846,34.2109158,11
-84.1331552,33.9608664,1049
-84.1312372,33.9665008,709
-84.1310662,33.7164172,2
-84.1307579,33.9648763,665
-84.1292663,33.9653151,1286
-84.1289761,33.8998751,906
-84.1281846,33.9657017,917
-84.1271533,34.1759468,851
-84.1243591,33.9651444,1904
-84.1236944,34.1697886,813
-84.123544,33.9042606,387
-84.1220978,33.9645938,1787
-84.1202559,33.9615649,1442
-84.119323,33.959095,3190
-84.1182889,33.9597063,948
-84.1165159,33.9608473,686
-84.1161511,33.9608691,1280
-84.116133,33.90331,286
-84.1144664,33.9614715,1122
-84.1111505,34.1592026,1572
-84.1110621,33.7191865,1
-84.1107321,33.9630494,92
-84.1107218,33.9630322,273
-84.1096099,33.9634619,915
-84.1066201,33.9651439,451
-84.1065782,33.823757,586
-84.1057965,33.6977327,395
-84.103907,33.696267,471
-84.1036682,33.8254197,971
-84.1026445,33.8241892,426
-84.1010619,33.6948551,1200
-84.0992119,33.9773076,22
-84.097219,33.338496,133
-84.0939655,33.9654258,1105
-84.0899784,33.733857,49
-84.085075,34.26296,17
-84.082988,33.8346703,24
-84.082443,33.8333692,2162
-84.0814233,33.8353908,123
-84.0778465,33.8361024,226
-84.0752297,34.0660727,24
-84.0740963,33.9682163,83
-84.073133,33.968207,4
-84.0686167,34.2537033,508
-84.0640926,34.0632595,2
-84.061719,33.841126,624
-84.0583995,33.9276899,135
-84.057159,33.927748,212
-84.0562198,33.8449,1
-84.0554697,33.8450216,72
-84.0553169,33.6789368,14
-84.0545911,34.3416473,16
-84.054374,33.673144,1017
-84.0539887,34.3414149,169
-84.053601,33.8458685,431
-84.053189,33.8446903,591
-84.0529922,33.6727474,150
-84.0528159,33.9275617,1
-84.0513487,34.3471541,1366
-84.0501735,33.8473893,29
-84.0501114,33.8463776,810
-84.0486872,33.9286648,367
-84.0476137,33.9293944,289
-84.043815,34.1116194,6
-84.0424383,33.3221967,47
-84.0387566,33.6689789,165
-84.0377655,33.6655355,20
-84.0373797,33.6669822,785
-84.034674,33.665869,1386
-84.0333396,34.1071794,148
-84.032019,33.8556045,5
-84.0285838,33.8546609,301
-84.0228466,33.6591385,151
-84.0218412,34.3391447,69
-84.0210875,33.8569889,1
-84.0168541,34.0996657,1166
-84.0165027,33.6578781,773
-84.0143792,33.6407171,888
-84.0111378,34.8617178,118
-84.0105394,34.0954221,775
-84.0096691,34.0939018,233
-84.0074966,34.0926634,2826
-84.0067848,34.09157,882
-84.005045,33.9614773,1231
-84.0044098,34.1065047,1553
-84.0032431,34.0939972,23
-84.0015487,33.9579452,62
-83.9999424,34.1092915,249
-83.9980805,33.8560976,222
-83.9971528,33.9262276,1447
-83.9912814,34.0326909,10
-83.9907591,33.6459776,1291
-83.9903652,34.8528269,242
-83.9894923,33.9446744,81
-83.9888665,34.0843005,1534
-83.9884119,34.0849567,1068
-83.9882394,34.081092,1909
-83.9882081,33.9446966,206
-83.98779,34.44428,191
-83.9875292,34.1539901,13
-83.9867542,33.9717821,14
-83.9864321,34.0829206,1120
-83.9860252,33.9741949,581
-83.9859491,33.967353,78
-83.9859268,34.1533429,678
-83.985802,34.0818739,1882
-83.9856608,33.9685329,321
-83.985571,34.0776879,933
-83.985008,33.6392536,2947
-83.9848013,34.1423375,135
-83.9846161,34.0798993,2
-83.9846159,34.0784928,1002
-83.9834142,34.0778464,1940
-83.9831266,34.0762046,675
-83.9803708,34.1298925,138
-83.9784773,33.9693711,98
-83.9673432,33.2932764,11
-83.9591712,33.8873398,225
-83.9454888,33.9873515,8
-83.9426417,33.8564729,207
-83.9425914,33.8542939,125
-83.9406357,33.8822953,70
-83.940064,33.8150252,465
-83.9396386,33.8151791,10
-83.9345325,34.2646726,30
-83.9291641,33.8537037,8
-83.9291493,33.8531564,53
-83.9287444,33.981858,35
-83.9160919,33.8498652,174
-83.9158579,33.8481248,571
-83.9130179,33.0287676,5
-83.9129884,34.1959863,57
-83.909621,33.0104096,17
-83.907771,34.2750068,13
-83.9025026,34.1924585,148
-83.8982934,33.8440545,22
-83.8978815,33.8436097,93
-83.895701,34.207362,2
-83.8950042,34.2292795,28
-83.894341,34.2429045,12
-83.880484,33.606363,441
-83.873566,34.277698,596
-83.8726063,34.2772914,506
-83.868973,33.8306035,378
-83.8688353,34.2217644,129
-83.8685001,33.8305544,1061
-83.8634905,33.5971107,41
-83.8624648,34.2297335,1180
-83.8615595,34.275075,1346
-83.8615102,34.224235,1586
-83.860405,34.2742239,520
-83.859902,34.275704,419
-83.859185,34.274336,708
-83.8578099,34.2751528,201
-83.857704,34.276066,428
-83.855544,34.205288,47
-83.8501359,34.2821325,800
-83.8463034,34.2851593,359
-83.8457953,33.602234,558
-83.842861,34.285436,136
-83.8428211,33.8300507,31
-83.8403019,34.2686497,256
-83.840188,34.2693401,61
-83.840018,34.278415,160
-83.839967,34.2808769,30
-83.8394833,34.2830093,23
-83.839236,34.28592,152
-83.8342608,33.5847611,934
-83.822142,33.8240812,4
-83.7850916,34.2801962,23
-83.7722367,32.9069954,3
-83.7630686,34.5578643,651
-83.7623179,34.5561475,165
-83.7612429,34.5865566,138
-83.7566491,34.5114487,96
-83.7509779,34.1186278,31
-83.7490043,32.6567003,648
-83.7459253,32.6649038,499
-83.7418219,34.0842221,59
-83.7387822,33.9931579,2802
-83.7294801,34.3707169,321
-83.715856,33.989998,7
-83.7123687,32.9234125,352
-83.711329,32.922438,690
-83.7103448,33.9991043,11
-83.709521,32.921563,713
-83.7094971,32.9236403,640
-83.7094533,32.9165336,1013
-83.7092704,32.9202863,440
-83.7090431,32.9226624,637
-83.7079484,32.9152969,578
-83.706814,32.914459,696
-83.7016253,33.7715038,151
-83.691771,34.583449,13
-83.6905775,32.9041188,989
-83.68441,32.9051535,644
-83.6825107,32.8139305,678
-83.6811164,32.8244582,15
-83.6790796,32.6176549,779
-83.6790382,32.6089798,1125
-83.6766035,32.8887133,611
-83.6756079,32.6033015,1000
-83.6742985,32.8862565,227
-83.671819,32.8485919,33
-83.6700378,32.8814445,12
-83.664286,32.6186561,95
-83.6641409,32.874715,9
-83.6593885,32.7723214,24
-83.6483006,32.858894,8
-83.6467715,32.856494,504
-83.6454486,32.858105,879
-83.6402135,32.618767,178
-83.6358286,32.5929177,8
-83.6335379,32.5944565,340
-83.6331161,32.8294931,323
-83.6307809,32.8339877,28
-83.6272774,32.8381712,30
-83.6225068,32.592285,229
-83.6126892,32.6186039,18
-83.6038597,32.6181523,956
-83.5882196,34.1312043,46
-83.58292,34.48382,328
-83.5758,34.117031,196
-83.559583,34.1930373,1
-83.5316793,34.4981371,9
-83.528819,34.5238925,146
-83.4988517,33.9403503,1555
-83.49129,34.220295,179
-83.4856913,32.886946,10
-83.48521,33.9394873,370
-83.4827115,33.9414331,733
-83.482676,33.9414569,313
-83.4787325,33.9394015,644
-83.4778168,33.561011,176
-83.4772015,33.9418655,386
-83.4556867,34.237158,594
-83.4516725,33.9408453,180
-83.4423125,33.9438812,91
-83.4401892,33.9445409,325
-83.4395369,33.9470196,507
-83.4367656,33.9455872,263
-83.4254639,33.9473454,454
-83.4028486,33.8527972,10
-83.390131,33.969885,26
-83.3843057,33.9999752,63
-83.3306124,34.5776752,5
-83.293853,34.564688,13
-83.2828266,34.5466083,37
-83.2760477,33.429869,2
-83.275853,33.153841,441
-83.2746271,33.1534232,148
-83.265356,33.1277359,1
-83.2605116,33.114801,364
-83.2579101,33.106066,699
-83.2544322,33.1076753,88
-83.2013212,33.5525508,690
-83.1342824,34.2851836,601
-83.1235416,34.2834797,160
-83.0983692,34.4498008,3
-83.0439127,34.7483799,765
-83.0424102,34.7498819,80
-82.9682599,34.6959484,625
-82.9591896,32.5950298,554
-82.8874663,34.7003052,1272
-82.789576,34.639766,342
-82.7493288,34.5944042,34
-82.742417,34.515262,91
-82.7399903,34.5851045,24
-82.6962404,34.5530998,447
-82.6954816,34.554012,537
-82.6935276,34.5224307,42
-82.6898652,34.5307396,187
-82.6888753,34.5575316,168
-82.6860063,34.5591734,69
-82.6853105,34.5562576,144
-82.68388,34.55661,393
-82.6830058,34.5003175,249
-82.6796858,34.5512932,369
-82.678357,34.5031279,16
-82.6744999,34.5507493,970
-82.658226,34.848872,4
-82.6326057,34.5330145,116
-82.5694969,34.8252016,920
-80.6520817,26.6782932,175
-80.476712,25.466432,14
-80.4763621,25.4546379,427
-80.472117,25.46753,406
-80.4689501,25.4597062,348
-80.4654608,25.4916124,29
-80.4628833,25.4820361,298
-80.4619473,25.481515,1934
-80.4616389,25.4844904,150
-80.449722,25.496611,10
-80.4415006,25.5952315,9
-80.4238889,25.6339104,34
-80.4192901,25.6353063,16
-80.4189955,25.6399259,15
-80.4178706,25.6400902,628
-80.4159008,25.6391097,1618
-80.4139311,25.6426654,750
-80.4050073,25.6439877,9
-80.404657,25.5425121,48
-80.4039706,25.6871368,2
-80.4007619,25.5461347,87
-80.3878995,25.6358696,55
-80.3834003,25.6278351,1526
-80.3800617,25.6177973,17
-80.37270573,25.8961562,1
-80.3654348,25.7828859,440
-80.3648044,25.5733492,929
-80.3646347,25.7827681,429
-80.36456,25.7831146,114
-80.3642453,25.5937825,3
-80.3635603,26.0057434,3152
-80.3629807,26.077655,759
-80.3623864,26.0775747,301
-80.3622899,25.7833924,560
-80.3620044,26.0761947,950
-80.3614498,25.7828849,313
-80.3613647,26.0736143,488
-80.3607738,26.0714406,1738
-80.3595043,25.8272831,48
-80.3586007,25.7835828,283
-80.3579007,26.0644106,2100
-80.355953,25.7753061,5801
-80.3551793,25.8770722,39
-80.3547286,25.9904176,2
-80.3534896,26.0090245,841
-80.3520565,25.7840934,970
-80.351777,25.602847,535
-80.3510375,25.6037384,1180
-80.3505629,25.6076061,488
-80.3504216,26.1104092,4
-80.349609,25.609904,97
-80.3494644,25.610496,404
-80.3488217,25.6103733,981
-80.348326,25.7968709,123
-80.3481409,26.0282069,666
-80.3474453,25.6146309,503
-80.3472983,25.6126321,431
-80.346854,25.7948865,16
-80.3461556,26.0615551,198
-80.3461251,26.0616113,585
-80.3459418,26.0281721,1491
-80.3457343,25.6158576,206
-80.3454708,25.6169847,582
-80.3447335,25.6195193,757
-80.344512,25.6204921,76
-80.3432682,25.6225894,526
-80.3428085,25.7827928,1817
-80.3417324,25.6257206,726
-80.3399705,25.783724,1474
-80.3393674,25.7845327,24
-80.339209,26.1470134,728
-80.3390843,26.1447854,744
-80.3376229,25.832152,23
-80.3372417,26.1467917,344
-80.3347545,25.8008911,142
-80.3346279,25.7839101,6604
-80.3336039,25.7837562,894
-80.332067,26.008836,1058
-80.3310081,25.82591,168
-80.3299334,25.8321849,1
-80.3298389,26.008747,971
-80.3298317,25.7937914,8
-80.3281053,25.8038208,51
-80.3277916,25.8321093,14
-80.3270885,25.770648,487
-80.3247015,25.7618542,172
-80.324155,25.821009,5
-80.3213386,25.6694116,2883
-80.32099,25.6703465,791
-80.3202979,25.675217,614
-80.3198896,25.8178448,269
-80.3169791,25.822264,6
-80.3149873,25.8457274,43
-80.3142492,25.7624933,238
-80.313416,25.728848,139
-80.3131973,25.8194764,131
-80.3115549,25.7328759,122
-80.3110763,25.8410317,13
-80.3110105,25.9244475,1322
-80.3101684,25.8235041,33
-80.3090512,25.7619486,379
-80.3084459,25.7470892,1414
-80.3073466,25.8684313,165
-80.3071649,25.7602964,42
-80.3029665,25.6923419,2269
-80.3015953,25.9229185,17
-80.3005716,25.9251399,796
-80.2979621,25.9262215,1347
-80.2967788,25.9263992,10
-80.2951053,25.9240793,2054
-80.2947194,25.9263,852
-80.2928028,26.1964345,1543
-80.2925768,25.9268592,199
-80.2925295,26.1957507,326
-80.291972,25.9261171,1521
-80.2903,25.9783434,3
-80.2894814,25.9044665,10905
-80.2869979,26.1907685,10
-80.2868224,25.7710709,207
-80.2834895,25.8417913,44
-80.2701881,25.7790349,2
-80.267184,25.897535,10
-80.2658241,25.8297921,56
-80.2645763,25.8083229,1
-80.2637509,25.7813973,3
-80.2636466,25.779229,1035
-80.262803,26.0076189,947
-80.262282,25.764932,1348
-80.2620734,25.7465306,192
-80.261588,25.863298,29
-80.2612317,26.0099178,693
-80.261168,25.746577,959
-80.2592495,26.0078503,1130
-80.2574838,25.7301971,1113
-80.2573429,25.7352714,1
-80.25726,25.734022,17
-80.2562139,25.7346396,161
-80.2530482,26.0535393,724
-80.253038,26.0525311,937
-80.2528295,26.0542394,749
-80.2527798,26.2386335,1279
-80.2527743,25.7348363,264
-80.2524667,25.8918465,15
-80.2507495,25.808648,20
-80.2498792,25.8451047,7
-80.2498492,26.2393412,749
-80.2492952,26.2382134,952
-80.2492915,26.0064153,673
-80.248588,25.765128,657
-80.2443076,25.9044966,31
-80.2439846,26.0969622,4779
-80.2432293,25.8678131,535
-80.2429617,25.8701662,229
-80.2429572,25.8926978,109
-80.2429048,25.8632601,678
-80.242664,25.8642165,250
-80.2426378,25.808732,65
-80.2425678,25.8552387,133
-80.2425488,25.8561544,451
-80.2425107,25.879782,28
-80.242478,25.858775,60
-80.2424309,25.8546481,138
-80.242214,25.869803,76
-80.2420424,25.8684878,86
-80.2420184,25.8633691,45
-80.2419226,25.8651523,238
-80.2419117,25.8646827,20
-80.241781,25.860466,9
-80.2414325,25.8297044,5
-80.241182,25.826108,47
-80.2398424,25.8051918,17
-80.2389577,26.0928403,1
-80.236888,25.7408862,17
-80.2307939,25.7739613,100
-80.2307934,25.7740835,282
-80.2294236,25.8099218,38
-80.2282348,25.8095873,64
-80.2271654,25.7724395,48
-80.2224152,26.6328904,17
-80.2218706,26.0662292,1
-80.2213041,26.6347971,57
-80.2207921,25.7737694,27
-80.2199463,25.9262463,1119
-80.2169249,25.9261247,2
-80.2165902,25.9225338,27
-80.2146476,25.8098382,842
-80.212672,26.023122,108
-80.2116521,26.0567362,70
-80.2113142,25.9061603,149
-80.2113017,26.6813896,404
-80.2106396,26.286218,97
-80.2102371,26.0668635,5
-80.2102369,25.8572402,778
-80.2101487,25.8645016,101
-80.2100707,25.8635262,56
-80.2099308,25.8554311,117
-80.2097561,25.8835101,14
-80.2095567,25.8665,35
-80.2092866,26.0353219,1106
-80.2091762,26.028415,760
-80.2085474,26.0579903,4
-80.2085245,26.0588983,25
-80.208475,26.003912,478
-80.2083602,26.0311827,931
-80.208326,26.019879,202
-80.2081114,26.0013844,151
-80.207949,26.0176603,22
-80.20773,25.9957752,1803
-80.2073375,25.9941604,302
-80.2072724,26.0587916,1
-80.2071419,26.0610276,240
-80.2071366,25.9706062,569
-80.20713,25.931237,2
-80.207041,25.9245855,2361
-80.2069478,26.0011225,424
-80.2068812,26.0014089,888
-80.206731,25.9789107,2
-80.2067014,25.9720054,148
-80.2066604,25.96624,406
-80.2065798,25.9687651,47
-80.2065534,25.9677585,542
-80.2063615,25.9669234,544
-80.2062223,25.9523166,1813
-80.2061446,26.0001272,17
-80.2060328,25.9794212,1449
-80.2060233,25.9805529,1
-80.205786,26.401376,3
-80.205777,25.9477786,724
-80.2057253,25.9755197,2238
-80.2054522,25.766186,627
-80.2054203,26.0001386,7
-80.2052702,26.2197794,6910
-80.205167,25.766471,488
-80.2051166,25.9701589,4382
-80.205032,25.9509832,508
-80.2046084,25.7658066,348
-80.2041346,25.9912058,159
-80.204102,26.0006656,494
-80.2040031,26.0001445,74
-80.2037787,26.1350538,430
-80.2036148,25.7656947,158
-80.2033333,26.203033,241
-80.2033293,26.2027266,1
-80.2033043,26.1329252,85
-80.2032824,26.1306985,154
-80.2031542,26.1346584,1275
-80.2029863,26.2977068,564
-80.2029797,26.7000188,145
-80.202954,26.129447,5
-80.2026092,26.0016158,53
-80.2019982,26.1107697,182
-80.2019962,26.1523458,995
-80.2019372,26.2927886,46
-80.2018894,26.1549682,821
-80.2018081,26.2441148,230
-80.2017731,26.2801336,740
-80.201719,26.2604343,609
-80.2014912,26.281647,38
-80.2014246,26.2543774,419
-80.201354,26.2951602,1054
-80.2013259,26.1420229,706
-80.2012768,26.1133013,1367
-80.2012033,26.0007902,39
-80.201006,26.2927949,1161
-80.2009887,26.2941533,94
-80.2009699,26.2920955,1
-80.2008223,26.0006257,63
-80.2007744,26.0992187,275
-80.2006262,26.0985294,496
-80.2005048,26.2831224,815
-80.2004871,26.2923869,15
-80.200249,26.251848,106
-80.2002098,26.0969184,377
-80.199987,26.0002739,21
-80.199753,26.251236,6
-80.1994423,26.0008645,100
-80.1992969,25.9991963,4
-80.1991609,26.2554077,692
-80.1986845,26.275506,623
-80.198447,26.2472066,9
-80.1977152,26.6818618,926
-80.1966371,26.6818615,65
-80.1966371,26.6818616,598
-80.1964668,25.8001968,19
-80.196019,26.254297,1224
-80.1958072,26.2731657,1328
-80.1955904,26.275681,4080
-80.1955028,26.6818747,188
-80.1942192,26.6910767,111
-80.1941726,26.1471516,35
-80.1910502,25.7955048,8
-80.1910373,25.7954893,292
-80.1909759,26.6801731,948
-80.1908164,25.7957538,469
-80.1894491,25.7968809,1093
-80.1894106,25.7959771,193
-80.1855375,26.1650983,73
-80.1854196,25.8560865,1118
-80.185052,26.0688897,303
-80.1845602,26.2752399,1429
-80.1844393,26.1647457,353
-80.1843279,25.9960809,49
-80.1840122,25.9961113,137
-80.1826718,25.9959208,30
-80.1820149,25.9847954,57
-80.1782457,26.1116788,155
-80.1753608,26.6917403,86
-80.17184,26.0841418,15
-80.1679412,26.0362706,293
-80.1670166,26.0454647,202
-80.1655097,26.1362313,188
-80.1649043,26.1653248,1261
-80.1644164,25.99644,538
-80.1638294,25.9862567,343
-80.162264,25.8960721,39
-80.1609604,26.7073027,239
-80.1607703,25.906155,2095
-80.1595105,25.9070421,1384
-80.1592005,25.9174354,77
-80.1591716,26.1369221,11
-80.1591384,25.9174693,27
-80.15846,25.917531,2
-80.1583843,25.9156972,350
-80.1575035,25.913485,351
-80.157499,26.273863,641
-80.1572438,26.2753986,141
-80.157123,25.925567,668
-80.1561575,25.9255058,325
-80.154498,26.706729,937
-80.154316,26.1223509,2
-80.154289,26.2676541,143
-80.1531177,25.9967429,29
-80.1518345,26.1224858,84
-80.1515842,26.1226476,15
-80.1499779,26.0259844,37
-80.149967,26.0213107,209
-80.1493347,26.0318015,44
-80.1480314,26.2325928,13
-80.146975,26.2735664,1485
-80.1466354,26.2315052,2
-80.1453139,26.706206,1750
-80.1440093,26.12942,25
-80.143728,26.1366913,643
-80.1435592,26.134277,21
-80.1433271,26.1327865,35
-80.1431859,26.2308215,39
-80.1426648,26.0931083,90
-80.142114,26.2067274,365
-80.1419156,26.1362824,172
-80.141691,26.212102,26
-80.140252,26.2119907,5
-80.139383,26.1758479,63
-80.1390043,26.191682,2
-80.1386058,26.2261707,8
-80.1381471,26.2160997,195
-80.1376665,26.1265023,21
-80.13757,26.109749,382
-80.137368,26.103567,1237
-80.137014,26.0949515,177
-80.135177,26.140991,59
-80.1341571,26.1364879,914
-80.133527,26.179867,14
-80.1320409,26.6200125,1001
-80.1316098,26.1608732,233
-80.1313149,26.208568,49
-80.1309152,26.2584438,460
-80.1305479,26.7056823,1494
-80.1303837,26.1374796,113
-80.1299136,26.2571288,1210
-80.1292742,26.2258637,157
-80.1290153,26.2600152,286
-80.1279304,26.2255252,12
-80.12756,26.6194718,493
-80.126406,26.6179285,1841
-80.1262923,26.2371711,165
-80.1261093,26.0977657,1222
-80.1242436,26.2237447,91
-80.1225078,26.9348084,456
-80.1219651,26.4782602,1
-80.1209448,26.143915,782
-80.1201649,26.252585,78
-80.1194141,26.1398252,361
-80.1193059,26.1416861,224
-80.1190366,26.1434806,560
-80.1183379,26.2611976,64
-80.117771,26.785317,25
-80.1172523,26.7552274,7
-80.116663,26.7835467,53
-80.1152686,26.261321,13
-80.113766,26.6260801,157
-80.1137033,26.6606145,642
-80.1135563,26.6667848,631
-80.1129655,26.6600212,268
-80.1128868,26.6710357,194
-80.1128463,26.2793831,390
-80.1127279,26.6807159,220
-80.1126609,26.2806192,209
-80.1119755,26.2841585,149
-80.1117809,26.668257,1
-80.1113141,26.6807196,6
-80.111036,26.778117,2
-80.1108265,26.2892586,521
-80.110509,26.6998614,391
-80.1105057,26.6952939,2594
-80.1101373,26.6989045,608
-80.109518,26.199602,250
-80.1093352,26.2919088,284
-80.1071472,26.4087691,206
-80.1070735,26.213784,562
-80.1061501,26.2129302,21
-80.10571061,26.40397585,24
-80.1056687,26.7063597,234
-80.1055971,26.2185111,531
-80.105212,26.216039,380
-80.1048096,26.3045597,41
-80.1048059,26.2172884,446
-80.1034085,26.3990858,2
-80.1032942,26.7056349,586
-80.1029402,26.7067141,131
-80.1026415,26.7073071,34
-80.1023349,26.2297251,38
-80.1022588,26.7582525,3
-80.102234,26.2367887,52
-80.102094,26.7075775,1947
-80.1019294,26.237608,640
-80.1013281,26.2413436,315
-80.1005878,26.7076266,14
-80.100339,26.713516,69
-80.1000324,26.265457,993
-80.098993,26.2671322,97
-80.0981796,26.7074397,1729
-80.0981349,26.2661179,926
-80.0975894,26.7824263,623
-80.0968623,26.7842621,804
-80.0964697,26.7074322,734
-80.096109,26.459969,58
-80.0957274,26.294392,461
-80.0954652,26.2839921,498
-80.0954126,26.7070961,703
-80.0953989,26.2989651,934
-80.0949619,26.2966661,980
-80.0947833,26.3004636,6
-80.0943069,26.2997771,511
-80.0936558,26.8081625,970
-80.0935212,26.8093808,440
-80.0933157,26.4580504,5
-80.0930659,26.809584,903
-80.0925309,26.806732,540
-80.088892,26.7714352,1
-80.0882493,26.7071145,156
-80.0872614,26.7069677,1134
-80.087132,26.4405313,1095
-80.0867045,26.6589612,10642
-80.0863732,26.6743358,2231
-80.0859197,26.3729708,201
-80.0850626,26.7597864,613
-80.0850364,26.4403971,554
-80.0850358,26.7072473,490
-80.0850079,26.4438016,114
-80.083867,26.4406755,1083
-80.0827385,26.7071721,844
-80.0824794,26.7030854,32
-80.082097,26.7039017,43
-80.0814292,26.3401581,12
-80.07993,26.805704,3
-80.0787468,26.7044149,83
-80.078579,26.800106,58
-80.0783063,26.8129638,569
-80.0779812,26.8039199,4
-80.077859,26.694091,2
-80.0776529,26.8104062,1012
-80.0774758,26.8073955,2135
-80.077068,26.809007,202
-80.075537,26.799102,34
-80.0750569,26.6997064,159
-80.074842,26.4385401,252
-80.0743803,26.7943519,4
-80.0741718,26.6290529,142
-80.0739202,26.4291651,1143
-80.0738504,26.6989611,2
-80.073598,26.431842,1865
-80.073104,26.4327036,730
-80.0730954,26.4350935,411
-80.0728416,26.4364729,1106
-80.072694,26.546204,4072
-80.071258,26.4347439,614
-80.0711091,26.4363755,755
-80.0687696,26.4688499,138
-80.068477,26.471682,7
-80.067385,26.807469,236
-80.0672099,26.475761,46
-80.066943,26.471416,399
-80.0663781,26.6956354,4
-80.0663252,26.482558,145
-80.0653211,26.4867108,339
-80.0648741,26.6985022,2
-80.0644449,26.8071293,823
-80.0644173,26.4892488,313
-80.0638987,26.6552955,113
-80.0638936,26.4870256,175
-80.0595386,26.8490691,1258
-80.0580389,26.604805,32
-80.0580036,26.6055236,651
-80.056783,26.623438,87
-80.055959,26.6457513,88
-80.0555224,26.8021775,162
-80.055091,26.6745242,59
-80.054538,26.7050646,368
-80.0544239,26.8027947,1338
-80.0536451,26.7265641,145
-82.7982584,27.9391439,261
-82.7968946,27.9383586,362
-82.7876043,27.8785428,109
-82.7875628,27.9070805,95
-82.7875509,27.8778419,11
-82.7871021,27.9349561,27
-82.7870603,27.9461222,41
-82.7868918,27.9495393,36
-82.786767,27.8794602,73
-82.7866365,27.8657137,124
-82.7827262,27.9169435,527
-82.7821552,28.0455266,28
-82.7678575,27.862238,2
-82.75942,27.839298,149
-82.7584608,27.9682668,65
-82.7513247,27.8948281,107
-82.7505652,27.9596677,534
-82.7481447,27.9674459,230
-82.7465578,28.0190542,209
-82.742841,27.8855207,91
-82.7424744,27.8015549,238
-82.7417429,27.8689954,10
-82.741728,28.168091,1166
-82.7415857,28.1767306,18
-82.7413634,28.2032569,842
-82.74122,28.05419,793
-82.7410982,28.1150699,41
-82.74074,28.178966,1
-82.7406144,28.183933,7
-82.7404949,28.0667179,61
-82.7397715,28.0582811,1683
-82.7397598,28.0566114,5
-82.7395036,28.1882045,14
-82.739147,28.1529959,245
-82.7391005,28.0245637,1528
-82.7390511,27.8386983,61
-82.7390171,27.9612025,824
-82.7386752,28.2166319,490
-82.7385978,28.0521297,790
-82.7384663,28.1874757,92
-82.7382448,28.0260481,998
-82.7380572,28.0254032,1509
-82.7379459,28.2178353,1158
-82.7366616,28.0224952,926
-82.7366606,28.2162344,3297
-82.7366507,28.0208122,928
-82.7361408,27.8720159,117
-82.7330687,28.2277377,315
-82.731715,27.9321544,762
-82.731271,27.944602,550
-82.73108,27.901309,6
-82.7310357,27.9377695,526
-82.730993,27.9527907,1005
-82.7307814,27.9645781,1220
-82.7305416,27.865212,7
-82.729592,27.858369,14
-82.729425,27.929335,584
-82.7291773,27.9197196,811
-82.7291,27.888895,64
-82.7289607,27.819618,30
-82.7289066,27.944111,520
-82.7288109,27.986205,366
-82.7287318,27.971154,1786
-82.7287101,28.0045634,1189
-82.7287039,27.908417,208
-82.7287033,27.8682524,44
-82.7286358,27.996171,1
-82.7284761,27.9112871,1079
-82.7283803,28.257422,905
-82.7283718,28.2438608,1875
-82.7282445,28.2625402,2
-82.7282417,27.8762329,7
-82.7282217,27.9976727,1321
-82.7281514,27.9962365,10
-82.7281427,27.8085219,113
-82.7278681,27.9100975,608
-82.7278543,28.2481366,206
-82.72781,27.917883,1606
-82.7277982,28.0015588,937
-82.7273346,27.8868143,584
-82.7263055,28.2674338,47
-82.7241388,28.1972628,20
-82.7232753,27.8962397,252
-82.7211313,28.2745281,34
-82.7199555,27.8210028,66
-82.7163406,28.2797229,984
-82.7125672,28.2817829,16
-82.7107396,28.280072,75
-82.7087241,27.8212845,70
-82.7060406,28.3011122,487
-82.705024,27.887372,3
-82.7005885,28.3260403,2038
-82.7004265,28.3128297,934
-82.6986392,27.8714928,1
-82.6975983,28.3456326,1323
-82.6972289,28.0503634,5
-82.6952428,28.3631815,7
-82.695173,27.827218,17
-82.694596,27.86987,114
-82.6944668,27.8830169,37
-82.690315,27.847203,1108
-82.6899102,27.8495236,2179
-82.6893077,27.8480995,325
-82.685253,28.371714,46
-82.6847945,27.8423601,1624
-82.6844779,28.3745085,9
-82.6806615,27.81126,65
-82.680381,27.8073302,968
-82.6801708,27.830161,92
-82.680016,27.822424,596
-82.6794672,27.8204272,853
-82.6792063,27.8244566,19
-82.6790462,27.8443729,336
-82.6788036,27.8226125,80
-82.6786386,27.7933577,154
-82.6786339,27.8187094,755
-82.678425,27.798245,475
-82.6784212,27.8455164,2
-82.6782955,27.8070444,703
-82.6777481,27.7945651,796
-82.6768357,27.7933455,289
-82.6767103,27.8197017,802
-82.67606,27.847088,161
-82.672726,27.791251,1
-82.6719365,27.8239031,10
-82.6689168,27.8500065,54
-82.6391018,27.8465226,1
-82.6334039,27.7745015,6
-82.6317061,28.1955146,84
-82.6222492,28.3389039,389
-82.6117849,28.9203274,45
-82.6108742,28.4801678,557
-82.5942784,27.4546597,1
-82.5926101,27.4618091,2193
-82.5831285,28.8809695,581
-82.5802002,28.871353,2
-82.5799997,28.8365426,338
-82.579253,27.4620754,455
-82.5783318,28.8435456,1051
-82.5782971,28.8489804,296
-82.5782334,28.8489656,43
-82.5781723,28.8269101,1067
-82.577737,27.461855,894
-82.577028,28.830128,181
-82.5763896,27.4560178,382
-82.5763011,27.4203536,50
-82.5762856,27.4565128,186
-82.5754308,27.4427454,954
-82.5749813,27.4555087,358
-82.5747826,27.4461748,818
-82.5746601,27.426857,1209
-82.5740157,27.5146532,179
-82.572109,27.9878837,8
-82.5716155,27.4813554,183
-82.571493,27.4798902,106
-82.570699,27.462726,200
-82.5703385,27.4631479,426
-82.563932,27.476015,1966
-82.563569,27.4738,225
-82.5614814,28.0417425,1710
-82.5543704,27.9969774,343
-82.550688,27.9960463,189
-82.550369,27.529568,67
-82.5390479,28.038394,13
-82.5319301,27.4249731,192
-82.52667,28.07466,32
-82.5265919,27.430451,1
-82.52507,27.893389,127
-82.5250681,27.5213432,1
-82.5206433,28.0398072,17
-82.5185594,27.9878898,1
-82.5174898,27.993958,70
-82.5174847,27.993958,152
-82.51516,27.994424,413
-82.5128757,27.992518,136
-82.511585,27.986957,54
-82.51096,27.981598,228
-82.510807,28.025029,121
-82.5095445,27.944267,1
-82.508733,27.944258,838
-82.5074472,28.5337441,71
-82.5070507,27.9519678,1
-82.5069885,27.9912891,13
-82.506755,27.994831,2483
-82.5065491,27.9637075,1127
-82.5064586,27.9660908,1668
-82.5064322,27.9922494,1117
-82.5063254,27.9824216,1610
-82.5062802,27.9513007,55
-82.5062499,27.984488,671
-82.5061416,27.9858111,1066
-82.5061156,28.0013775,1559
-82.5060055,27.9903031,213
-82.5058701,28.0022138,325
-82.5053906,28.0278086,85
-82.5044609,28.0060212,1392
-82.5035278,28.104628,889
-82.501971,28.534384,4
-82.5006469,27.956753,39
-82.4978291,27.995257,384
-82.4969331,28.3965412,10
-82.4933723,27.9213487,102
-82.4932354,28.5346569,293
-82.4890257,28.5328177,1648
-82.488822,27.9958217,17
-82.4858041,27.4937784,773
-82.4858013,27.495187,1134
-82.4799696,27.996282,25
-82.4775685,28.5331535,220
-82.4730969,27.9962803,39
-82.4689929,28.0553014,3
-82.4656444,28.1819633,74
-82.465182,28.5419568,99
-82.464224,28.12751,249
-82.4637463,28.1263729,84
-82.4632053,28.0255108,7
-82.4610635,28.0697033,166
-82.4607967,28.0524604,266
-82.4604798,28.0495,262
-82.4604268,28.0452631,1
-82.460143,28.0506121,594
-82.4601415,28.0386057,1496
-82.4600608,28.0770322,2
-82.4600556,28.0553026,856
-82.4600194,28.105143,247
-82.4600182,28.0468545,899
-82.4600179,28.0341955,36
-82.4599657,28.0634791,336
-82.4598765,28.0270205,476
-82.4598643,28.07679,7
-82.459846,28.0534159,1050
-82.4598338,27.998869,98
-82.459833,28.0718323,2
-82.4598322,28.0475473,329
-82.4598275,28.064248,208
-82.4597687,28.045839,5
-82.4597667,28.071019,59
-82.459764,28.010474,45
-82.4597295,28.0598568,401
-82.4597264,28.0186022,21
-82.459724,28.065145,148
-82.45949,28.008898,59
-82.45933,28.071127,13
-82.4592642,28.0093805,166
-82.4592556,28.0391528,4
-82.4592215,27.9991111,19
-82.4592156,28.0104181,202
-82.4591763,27.9973817,2
-82.4591467,27.9991069,7
-82.4590954,28.063615,23
-82.4590406,28.0531059,481
-82.4589649,28.0653171,113
-82.4589577,28.0535313,41
-82.4589312,28.0661242,81
-82.4588517,28.0520902,55
-82.4588486,28.0687385,690
-82.4588449,28.0769022,102
-82.4587057,28.0630892,248
-82.4586521,28.0459903,376
-82.4586205,28.0444152,374
-82.4584742,28.0507371,1292
-82.4583509,28.048069,705
-82.458316,28.051623,685
-82.4576315,28.054193,706
-82.4563199,27.9552692,134
-82.456306,28.070242,247
-82.4548026,29.060761,399
-82.4526123,28.0855438,6549
-82.4520457,28.0872125,575
-82.4516988,28.0333998,131
-82.4516915,28.0476114,309
-82.451666,28.049722,111
-82.4514743,28.0518842,40
-82.451432,28.0616102,21
-82.4508857,28.0557159,100
-82.4508818,28.01025,17
-82.4503026,28.0724979,95
-82.4485084,27.9494878,4
-82.4477119,28.0698887,39
-82.4476171,28.0685586,1948
-82.4470175,27.9520236,44
-82.446438,27.9964094,75
-82.4427769,28.0563834,6
-82.44122,28.0695013,15
-82.4381213,27.9816742,5
-82.4345434,27.719263,20
-82.4320515,27.9926285,1
-82.4280045,27.9556726,121
-82.4199451,28.5475602,56
-82.4153267,28.184716,2397
-82.414959,27.995282,839
-82.4091957,27.9660807,502
-82.4083012,27.9226421,24
-82.4065134,28.5333901,858
-82.40537,28.0334407,6
-82.4035357,27.9098016,6
-82.4022148,27.9109911,204
-82.3942542,27.992872,14
-82.3939365,28.0185213,40
-82.3938959,27.9888242,32
-82.3845093,27.9957213,136
-82.3808788,28.5382777,260
-82.3783023,28.1916518,635
-82.3750644,28.1887237,460
-82.370679,28.2324066,386
-82.3698621,28.233072,389
-82.3693748,28.2340035,801
-82.3691151,28.8453696,751
-82.3660184,27.9667282,113
-82.3637955,27.9220586,46
-82.3626476,27.9518602,102
-82.3602978,27.9234306,3
-82.3584671,28.8383544,235
-82.3580198,27.9486269,669
-82.356605,28.837135,948
-82.356559,28.2356379,371
-82.3557832,27.9738208,48
-82.354937,27.9499509,2599
-82.354539,28.234333,299
-82.3537275,28.2334349,262
-82.3523155,27.948634,786
-82.351977,27.9507548,1619
-82.3511665,27.948602,958
-82.3501134,27.9485509,25
-82.349407,28.8353501,5
-82.3465323,27.9484965,2508
-82.3452166,27.9500311,1339
-82.3446255,28.2378261,1370
-82.3443935,28.1908202,398
-82.3438111,27.9493291,834
-82.3435238,28.2387295,753
-82.342654,27.995661,92
-82.3423491,28.2388468,147
-82.341904,27.945985,833
-82.3410203,27.9480214,415
-82.3408971,27.9475979,616
-82.3406713,28.2397564,871
-82.3398048,27.9225913,58
-82.3354341,27.8915816,9
-82.3304083,27.9968163,90
-82.328702,27.923874,130
-82.3264092,27.8763544,173
-82.3007973,28.0016256,83
-82.2997138,27.980983,127
-82.298936,28.001834,4853
-82.298936,28.0081717,290
-82.2856103,27.9800346,27
-82.2819299,27.9372713,184
-82.2803239,27.938055,13
-82.239099,27.909783,8
-82.2140216,29.1214371,42
-82.2056825,29.1300599,150
-82.20543,29.1303083,373
-82.205307,29.1304289,653
-82.1909961,29.1432365,508
-82.1901944,29.1439185,256
-82.1892649,28.3142304,546
-82.186893,28.45362,17
-82.186525,28.332665,132
-82.183918,28.4638406,1
-82.1829139,28.3571876,102
-82.1794902,28.2239456,216
-82.1720719,27.9374969,63
-82.1635304,28.0099902,1
-82.162584,29.1721861,592
-82.1621738,29.170606,792
-82.160045,29.171945,248
-82.1598424,29.1740051,491
-82.1585135,29.1745598,155
-82.1577652,29.1707641,3183
-82.155501,29.175749,1795
-82.15437,29.178311,1178
-82.1542359,29.1765453,527
-82.1530985,29.177615,2237
-82.150602,29.2300578,300
-82.1467523,29.2161857,997
-82.143718,28.0186164,206
-82.143666,29.2056665,4
-82.1429407,29.2058303,63
-82.1415913,29.1958568,54
-82.1369711,29.1672096,583
-82.1258083,29.1533513,1219
-82.1223977,29.1571921,2
-82.1199183,29.1511117,95
-82.1060573,28.0192317,545
-82.1023019,28.0399929,1802
-82.064336,29.1435207,90
-82.0399474,29.05219,1
-82.0355886,28.8446146,445
-82.0191059,27.9140562,6
-81.9853452,28.0555949,914
-81.9820159,28.0787718,2084
-81.9815392,28.0782996,2450
-81.979105,28.0540356,1640
-81.974976,28.054863,104
-81.9745068,28.0806699,398
-81.972811,28.0976092,1217
-81.9705061,28.0567055,2
-81.9667137,28.0811466,49
-81.9606661,27.9721998,613
-81.957483,28.0334846,4
-81.9548759,28.0939074,529
-81.9546806,28.0966263,694
-81.9525457,28.0748166,3003
-81.9466695,28.0434426,261
-81.9452422,28.0436755,68
-81.9445107,28.0445058,166
-81.9413501,28.0398557,778
-81.9412763,28.042625,534
-81.9410484,28.1055627,19
-81.9404601,28.0432691,40
-81.9351992,28.0319599,1670
-81.91013,28.0102378,2
-81.9073482,28.8822158,1946
-81.9059346,28.8756006,359
-81.9040678,28.8592669,61
-81.9030952,28.8281985,12
-81.8978586,28.8473212,956
-81.8907567,28.8349715,175
-81.8832621,28.5757713,57
-81.8675494,28.5644446,1
-81.8583204,27.8955577,405
-81.8569726,27.8957132,745
-81.851488,28.814276,72
-81.8495632,27.9249276,1516
-81.8450264,27.9032108,889
-81.8154876,27.5664894,35
-81.8132281,28.8327074,1478
-81.8131528,27.5522955,4
-81.8126301,28.8303329,1299
-81.812319,28.8316876,92
-81.8116485,27.7889647,406
-81.8108334,28.831351,838
-81.809516,28.830659,221
-81.8081947,28.830254,150
-81.8052586,28.8295702,305
-81.8052275,28.5680109,2
-81.8045798,28.829274,857
-81.8018466,27.7546639,259
-81.7876329,28.8227123,562
-81.7748357,28.8197064,49
-81.7702103,28.81846,151
-81.7657742,28.0201416,49
-81.750198,28.57987,103
-81.7367147,28.5450593,523
-81.734444,28.0541323,1531
-81.7305384,28.0035825,43
-81.7297053,28.8125591,257
-81.7282454,28.0108267,35
-81.7276861,28.0049718,27
-81.7271946,28.0065624,239
-81.7252325,28.0048123,165
-81.7048619,28.8210689,818
-81.6917558,28.5473377,912
-81.6893104,28.5475426,1493
-81.6877768,28.8034025,2
-81.6789582,27.9837359,687
-81.6783481,28.8080266,72
-81.6777516,27.9838274,1312
-81.6763649,28.8081646,30
-81.6760333,27.9831523,866
-81.675526,28.5479576,701
-81.6709549,28.551415,1185
-81.667394,28.543856,1343
-81.6649626,28.8230906,39
-81.6637697,28.5463245,295
-81.6634764,28.8234867,156
-81.6630087,28.5452955,747
-81.6559268,28.2324707,1160
-81.6529686,28.8249719,531
-81.6417962,28.211525,169
-81.6402025,28.1364587,1175
-81.6399995,28.1068223,90
-81.6392264,28.106955,142
-81.626686,28.551879,102
-81.6105129,27.9357558,103
-81.60818,27.9273002,665
-81.6071414,27.9240578,414
-81.6060163,27.9261413,1195
-81.600825,27.900117,666
-81.5919237,27.9011258,10
-81.589324,27.860522,2
-81.5857598,28.5505667,30
-81.5750021,28.5585749,8
-81.5726459,28.5563464,7
-81.5684644,28.5507901,554
-81.5675302,28.807993,50
-81.563874,28.385233,5761
-81.555372,28.5589312,16
-81.5553046,28.5630839,1
-81.5529152,28.562834,73
-81.5501084,28.5722757,5
-81.5495954,28.5498451,3
-81.5461229,28.559808,60
-81.538537,28.8076933,7
-81.5369133,28.5500787,2
-81.5317746,28.4968524,3
-81.5158671,27.5764579,238
-81.515474,27.6106746,134
-81.5154442,27.6033119,276
-81.514981,27.5697347,51
-81.5139952,27.5886965,393
-81.5130816,27.5885551,140
-81.4958964,27.5215274,84
-81.4943393,28.2473318,1
-81.48237,28.6739852,3756
-81.4818333,27.4857809,4
-81.4614946,28.6454931,117
-81.4521932,28.4785373,1293
-81.4410229,27.4692989,43
-81.4397003,28.4887239,16
-81.4365397,28.4935086,667
-81.434504,28.614874,5
-81.433879,28.4892771,985
-81.4320318,28.4897329,194
-81.4318242,28.4903721,864
-81.4316111,28.5531106,28
-81.4309992,28.551635,837
-81.4295294,28.4477637,1203
-81.429231,28.553728,410
-81.428843,28.551641,146
-81.428641,28.5548943,1
-81.4268198,28.5051061,1310
-81.425911,28.554052,721
-81.4246197,28.5535962,753
-81.4244999,28.5518116,1995
-81.423356,28.5521455,407
-81.4231848,28.5065544,8
-81.4227904,28.5532989,53
-81.4215437,28.6697477,19
-81.4214513,28.5535864,1153
-81.4209401,28.5528439,159
-81.4194209,28.5532776,1347
-81.418544,27.448585,256
-81.418332,28.55214,720
-81.4177141,28.5599842,32
-81.4176664,28.5965443,336
-81.416299,28.5907419,644
-81.4159219,28.5808248,53
-81.4158368,28.4513454,1
-81.4150982,28.5855429,20
-81.4150015,28.5458506,368
-81.4135287,28.3041006,989
-81.4113657,28.607587,94
-81.4086383,28.6878437,102
-81.407552,28.507569,136
-81.4075472,28.571992,13
-81.4074858,28.5771454,21
-81.4071327,28.3259988,3
-81.4070346,28.5533875,375
-81.4062799,28.4059628,4233
-81.4057257,28.4194724,231
-81.4056523,28.4256356,30
-81.4055207,28.4106016,331
-81.405426,28.414728,1221
-81.4054034,28.4130026,1139
-81.4042223,28.3290381,476
-81.4041368,28.3255223,44
-81.403994,28.3928406,137
-81.4038792,28.4109363,123
-81.4036529,28.4372074,429
-81.4036302,28.4060074,1840
-81.4035075,28.4097387,642
-81.4034284,28.380541,136
-81.4033854,28.379406,2075
-81.4030129,28.3276259,886
-81.4030037,28.4141584,16
-81.4028576,28.3732454,636
-81.402839,28.3950627,28
-81.4026043,28.4387617,845
-81.4007877,28.5130093,185
-81.4006696,28.5990711,127
-81.4001617,28.5363345,9
-81.399924,28.4362253,70
-81.39944,28.458008,905
-81.399433,28.460156,107
-81.3973701,28.4813227,750
-81.3971003,28.4692706,572
-81.397033,28.6049095,689
-81.3969869,28.4375885,11
-81.396666,28.524307,63
-81.3964667,28.4786686,120
-81.3964294,28.4660884,107
-81.395766,28.475184,395
-81.3927362,28.4329248,605
-81.3923928,28.4660135,11
-81.3912316,28.6079763,39
-81.39109,28.327715,4
-81.3908428,28.6080168,38
-81.3885064,28.5144926,27
-81.3878328,28.617166,287
-81.3877605,28.6148371,523
-81.3874704,28.6121653,107
-81.3856252,28.6088768,2002
-81.3852707,28.3394375,806
-81.3832467,28.5926695,1
-81.3803148,28.5113016,1
-81.3765708,28.4996802,28
-81.3756862,28.5416658,1659
-81.372263,28.476924,40
-81.371414,28.2967664,1580
-81.3713693,28.5897761,7
-81.3708525,28.4630758,13
-81.3703686,28.5918934,24
-81.3682742,28.4337001,49
-81.3681691,28.4641128,9
-81.3681047,28.4321688,40
-81.3681047,28.4328027,29
-81.3678969,28.5638479,86
-81.366264,28.6118437,659
-81.3648044,28.5587598,108
-81.3645394,28.6085726,953
-81.3635327,28.6043619,272
-81.3622924,28.290841,1
-81.3608021,28.6339355,786
-81.360245,28.604013,9
-81.35895,28.683449,134
-81.3566366,28.6967192,235
-81.3561577,28.6969533,6
-81.3555389,28.6900345,115
-81.354769,28.6425138,580
-81.3521661,28.6488802,1
-81.352145,29.1213666,1
-81.3494625,28.6906664,111
-81.348069,28.4486813,2912
-81.3476054,28.6537886,95
-81.3472195,28.6904954,3
-81.346888,28.655477,41
-81.346124,28.789842,520
-81.344907,28.792707,1014
-81.3442064,28.7906503,522
-81.3428452,28.8088988,723
-81.3426654,28.7932003,444
-81.3420882,28.7074647,25
-81.3420471,28.7076124,1
-81.3420084,28.7943229,4079
-81.341885,28.7954546,1687
-81.3414421,28.8115015,1598
-81.3403497,28.8126739,1561
-81.3401699,28.798758,1152
-81.3381254,28.7949524,1996
-81.3370163,28.815951,628
-81.3352573,28.7961937,796
-81.335184,28.725804,4
-81.3326358,28.8171198,544
-81.3296349,28.6873854,14
-81.329507,28.556627,27
-81.3278773,28.70362,761
-81.326885,28.7000622,217
-81.3257074,28.7078825,664
-81.3256403,28.7140148,14
-81.3243068,28.7148894,208
-81.3234382,28.4833031,731
-81.321185,28.865756,17
-81.3178504,28.5537458,109
-81.3168188,28.7250187,879
-81.316746,28.4665534,1231
-81.3127587,29.0782705,167
-81.311912,28.730903,234
-81.3113809,28.8766899,5
-81.3112949,28.6170027,36
-81.3111827,28.4680167,748
-81.310928,28.730684,160
-81.3107113,28.5707554,602
-81.3096442,28.6137868,2667
-81.30958,28.5722111,323
-81.3093065,28.6129883,1079
-81.308241,28.8835825,44
-81.3082212,28.4731864,2443
-81.3081399,28.4703911,6839
-81.30804,28.731329,294
-81.3076059,28.8047057,7
-81.3072379,28.8864449,153
-81.3069315,28.800557,35
-81.3066295,29.0716257,50
-81.3062541,28.5995732,1438
-81.3054224,28.598178,2859
-81.305195,28.5618333,61
-81.304507,28.734908,449
-81.3039479,28.9994715,458
-81.303617,29.017123,271
-81.303215,28.993546,935
-81.3018888,28.9888269,539
-81.3016859,28.9978887,1158
-81.3013702,28.5648633,390
-81.3013385,29.0543805,56
-81.3008684,28.9865298,490
-81.3008032,28.9906527,758
-81.3004671,28.9836733,206
-81.3002312,28.9705018,560
-81.2999187,28.972432,487
-81.29948,28.978392,351
-81.2984618,28.9355063,17
-81.297387,28.7985172,17
-81.295015,28.586188,1
-81.2950072,28.5860628,3
-81.2946458,28.5657857,7
-81.2945681,28.5806366,61
-81.293341,28.566373,414
-81.2929783,28.7489557,228
-81.292636,28.5668745,167
-81.2925112,28.5656263,1
-81.2919691,28.7477277,868
-81.2910873,28.7491615,268
-81.290772,28.567141,132
-81.290125,28.5672538,12
-81.2860993,28.2462818,413
-81.285285,28.548636,169
-81.28305,28.764894,1660
-81.2826513,28.7638206,586
-81.280424,28.2456019,863
-81.2794545,28.7730549,566
-81.2773038,28.5693117,2033
-81.2765573,28.5677592,31
-81.276296,28.5677937,1
-81.2761941,28.4710444,15
-81.2736707,28.4617581,35
-81.2693998,28.4524177,14289
-81.2689034,28.5689878,1310
-81.2685954,28.78622,110
-81.2634652,28.5700278,3440
-81.26133,28.568485,2435
-81.2575,28.4314126,30
-81.229289,28.975769,43
-81.2177706,28.5685388,512
-81.213701,28.5662268,236
-81.2113473,28.6569399,1
-81.2082346,28.6526314,2
-81.1895627,28.5636184,643
-81.1819851,28.6751812,21
-81.1065197,28.5526782,94
-81.1042837,29.2145943,708
-81.1029361,28.5518004,90
-81.1028629,29.2124983,2403
-81.1015592,29.2098177,477
-81.1008427,29.2079033,424
-81.1004494,28.5507505,14
-81.1003504,29.2066795,144
-81.0997879,29.2052682,867
-81.0992761,29.2041219,518
-81.0972555,29.1996596,1046
-81.096793,29.199761,506
-81.094906,29.189748,860
-81.0939481,29.1915813,1750
-81.071313,29.210707,851
-81.0699659,29.2503319,2
-81.0669188,29.2462074,64
-81.0637656,29.2852375,103
-81.0636292,29.2437685,54
-81.062263,29.282382,2
-81.0508179,29.2226354,1039
-81.0481328,29.2236162,171
-81.0477059,29.2538214,14
-81.046742,29.2160608,482
-81.0452178,29.212714,306
-81.0451696,29.1824887,29
-81.044696,29.214258,1430
-81.0434906,29.2118823,1695
-81.0428834,29.2078697,624
-81.0399487,29.2365248,6
-81.03858,29.223645,75
-81.0385211,29.2361331,12
-81.033645,29.228297,3
-81.02999,29.22493,70
-81.026473,29.2098826,683
-81.0258983,29.161065,2
-80.9810416,29.1300904,23
-80.9809125,29.1290149,4
-80.975873,29.121111,2
-80.9749908,29.116854,244
-80.9739051,29.1076454,49
-80.9733647,29.0132528,932
-80.967155,29.013968,876
-80.9609317,29.014924,1838
-80.9363786,29.0477248,137
-80.9345546,29.0462408,286
-80.931436,29.0351215,23
-80.9219275,29.0238267,5
-80.8092762,28.6029693,1479
-80.8079099,28.6043237,23
-80.8075699,28.598898,1033
-80.7972268,28.3603923,218
-80.7972233,28.3603923,270
-80.7933,28.539112,192
-80.7750251,28.3564391,1421
-80.7616605,28.355623,1185
-80.759934,28.3546786,125
-80.7538785,28.3774566,1
-80.7494205,28.3565745,19
-80.74705,28.391136,134
-80.7329302,28.3561475,290
-80.7226869,28.2362975,397
-80.720812,28.303142,31
-80.7137086,28.3197343,43
-80.7083269,28.230951,55
-80.7052767,28.403821,272
-80.7051047,27.9990038,1006
-80.6978732,28.0796939,319
-80.6910628,28.3565189,108
-80.6893416,28.3562722,2
-80.6843332,28.0785865,449
-80.6759745,28.0784999,353
-80.6730268,28.0981247,431
-80.672379,28.029697,1
-80.6717383,28.1408095,364
-80.6693712,28.3567708,262
-80.6693214,28.3563464,52
-80.6664833,28.3580843,336
-80.665395,28.35671,543
-80.6652098,28.1356162,25
-80.6634489,28.3582018,347
-80.6633367,28.1913679,49
-80.6603418,28.1995955,88
-80.6540239,28.1857421,50
-80.6530337,28.1362601,17
-80.6518213,28.1361816,1
-80.643582,28.0357034,196
-80.6435326,28.0755616,5
-80.6416663,28.0774741,20
-80.64102,28.078404,334
-80.637189,28.0779017,869
-80.6333265,28.0790021,15
-80.6314491,28.0790178,130
-80.6314125,28.1230917,37
-80.6313854,28.1196866,989
-80.6224149,28.03891,9
-80.618746,28.0952565,9
-80.6185558,28.0855464,42
-80.6183031,28.1077935,682
-80.6179917,28.1086499,87
-80.6176016,28.0955238,226
-80.6146427,28.1014823,239
-80.6127134,28.0976726,604
-80.6126574,28.0922931,3
-80.6126438,28.0922972,678
-80.612637,28.0934962,560
-80.6122658,28.0961318,1533
-80.611333,28.0927538,612
-80.6076836,28.0866269,415
-80.6073392,28.0860616,322
-80.603264,28.167938,2
-80.5973269,28.2063289,40
-80.5925859,28.1382786,19
-80.541243,28.0330848,1255
-80.5036289,27.6382969,23
-80.4669163,27.808968,110
-80.4242513,27.5854783,33
-80.4048306,27.6445079,189
-80.3944286,27.6333353,51
-80.3903103,27.6272453,320
-80.3896243,27.6193136,253
-80.3895445,27.6375767,156
-80.3886233,27.6201518,1082
-80.3885481,27.6274699,43
-80.3828817,27.6103068,52
-80.3805631,27.4187849,8
-80.3781461,27.5844364,446
-80.3775027,27.5826925,11
-80.3769999,27.6018976,98
-80.3763391,27.5852693,1156
-80.3720592,27.5662578,8
-80.3491123,27.6169637,761
-80.3359687,27.4728183,18
-80.3356017,27.4716423,37
-80.3262067,27.4059381,141
-80.324603,27.4006269,117
-80.3241964,27.3988316,556
-76.1338083,40.210121,203
-76.1306459,40.1551933,143
-76.128927,40.091897,46
-76.125378,40.1552048,90
-76.1196457,40.0928703,273
-76.1184728,40.0920557,2
-76.1156424,40.0926661,245
-76.1145884,39.5375893,1
-76.1102593,40.0064813,439
-76.104762,40.336617,435
-76.1015945,40.0981885,844
-76.1005489,40.0983885,420
-76.0968943,40.3337941,304
-76.068934,40.1083939,48
-76.0548115,40.2422472,75
-76.0411293,40.327327,1026
-76.0391065,39.9180578,200
-76.0344895,40.3260834,108
-75.9995115,40.3261131,64
-75.9941758,40.3883339,561
-75.9899697,40.3020353,67
-75.9890575,39.76528,46
-75.9871915,40.3279451,159
-75.9837219,39.7741173,94
-75.976769,40.30158,47
-75.9759429,40.3036513,346
-75.9599126,40.4475075,522
-75.9532252,40.3529488,129
-75.9519115,40.3095769,2101
-75.9511094,40.3105942,145
-75.9494125,40.3225163,314
-75.9454459,40.3139232,912
-75.943761,40.3148505,636
-75.9433302,40.3150509,8
-75.9420924,40.3153659,1193
-75.9402673,40.3159955,611
-75.9372346,40.4095331,224
-75.9363427,40.3945907,451
-75.9357901,40.3927527,433
-75.9357547,40.393263,2
-75.9345745,40.3978079,693
-75.9331874,40.3771462,27
-75.9316804,39.9828862,394
-75.9282283,40.4014906,489
-75.9267989,40.3674418,48
-75.9254113,40.3418105,145
-75.9178872,40.3361819,24
-75.8932543,40.159189,17
-75.8746645,40.1554757,166
-75.8702349,40.3495738,19
-75.8449182,40.4840149,59
-75.8389769,40.0758978,388
-75.8040852,40.2645371,59
-75.7917354,39.6049781,2
-75.789235,40.1615536,273
-75.7872314,39.6080794,2
-75.7758437,40.2720167,107
-75.7751152,39.9916766,213
-75.7733976,39.991898,478
-75.7659908,39.9933903,1568
-75.7456842,39.6876717,899
-75.7434672,39.6871367,167
-75.7430074,39.6876962,390
-75.7417144,39.6880318,1597
-75.7400582,39.6872441,1052
-75.7370732,39.6869554,1481
-75.7343821,39.6859509,843
-75.7309526,39.9986051,598
-75.7266543,40.2584662,65
-75.7226313,39.9996979,221
-75.7223391,39.6859448,4739
-75.718669,39.6831946,329
-75.7036883,40.0076611,791
-75.695085,40.000817,599
-75.6925783,40.0915581,364
-75.6840191,40.0726145,3995
-75.6692621,40.021072,2795
-75.6691637,40.0210982,10
-75.6512662,39.7267447,56
-75.6506298,39.5542956,28
-75.6502394,39.7271584,318
-75.64972,40.0243872,45
-75.64895,39.7294831,528
-75.6481636,40.0245815,90
-75.6440223,39.7139366,189
-75.6433935,39.7320326,598
-75.6428177,39.6421283,31
-75.6392788,40.0265196,308
-75.6383994,40.3295767,151
-75.6306872,40.0275821,671
-75.6288504,39.6808633,137
-75.6284335,40.3512737,285
-75.6280918,40.3502159,529
-75.6276914,40.3537213,224
-75.6237537,40.3690044,241
-75.6211912,40.3275926,160
-75.6169806,39.6549173,4
-75.6150974,39.9588117,379
-75.6150703,39.65746,302
-75.6138677,39.6551976,184
-75.6113608,39.9587443,28
-75.6102456,39.6594301,153
-75.606237,40.3159928,54
-75.6062203,40.3154217,1
-75.6059932,39.6623023,659
-75.604525,39.66374,746
-75.6023039,39.6656647,57
-75.5957926,40.2382686,95
-75.5951119,39.6737408,1223
-75.5948838,39.7555543,555
-75.5942651,39.9639933,210
-75.5931875,39.6747776,1347
-75.5923913,39.9616394,106
-75.5911292,39.961542,92
-75.5908452,40.3028083,185
-75.5903223,39.9632446,40
-75.589536,39.948713,253
-75.5875148,39.9600614,254
-75.5871159,39.9618909,119
-75.586507,39.95582,619
-75.5861276,39.9544948,830
-75.5860778,40.0211956,2
-75.5850701,39.9569008,73
-75.5835176,40.4057287,68
-75.5833467,39.9570413,1531
-75.579931,39.947071,1
-75.579613,39.9464616,8
-75.5753826,40.0358007,1204
-75.5707777,39.9098169,608
-75.5706189,40.317013,501
-75.5703122,39.7036287,805
-75.569797,39.756483,1036
-75.5696359,39.9104655,533
-75.5692067,39.9069298,359
-75.5688802,39.757851,954
-75.5685209,39.9085785,777
-75.5683188,39.7059565,734
-75.5683093,40.0352548,65
-75.5669462,39.9037214,516
-75.56693,39.755087,368
-75.566829,39.7569712,406
-75.5663335,39.9704729,387
-75.5662036,39.9031805,480
-75.5660565,40.2439022,222
-75.5660048,39.9028887,84
-75.5654144,39.7079193,48
-75.564254,40.0369992,3
-75.5642268,39.7541086,663
-75.5641533,39.7110756,205
-75.5617487,39.8996639,363
-75.5595639,40.1750413,394
-75.5594245,40.176574,161
-75.5544081,40.2430162,43
-75.5517463,40.4512553,8
-75.5517311,39.8869997,149
-75.5513081,39.8854741,172
-75.5507138,39.8848205,351
-75.548337,40.217462,592
-75.547508,40.2181682,387
-75.5467468,40.218444,773
-75.5466618,40.2170949,411
-75.546274,40.2227446,682
-75.5446306,39.8780228,426
-75.5436137,39.8685648,916
-75.5429471,40.2194058,704
-75.5397098,39.8816723,1266
-75.5368643,39.8441836,199
-75.534415,40.2469427,283
-75.5319764,40.1303699,313
-75.5248737,39.9658436,220
-75.5227112,39.7602405,44
-75.5156434,39.6588369,27
-75.513847,40.044123,1
-75.5125149,39.966367,153
-75.5074245,40.2189258,425
-75.5049628,40.1197207,157
-75.4864684,40.0416685,576
-75.4833942,40.37767,29
-75.4696176,40.0417496,545
-75.4609154,39.7299916,247
-75.4491925,40.1841326,529
-75.4478552,39.9743431,238
-75.4476374,39.9754398,453
-75.4460215,39.9748355,1
-75.4454573,39.9116637,352
-75.4389027,39.9129005,350
-75.4351561,39.9761242,114
-75.4338059,40.0468998,236
-75.43299,40.0466742,368
-75.4299951,40.0454347,275
-75.4251536,40.0444773,366
-75.424784,40.0456335,154
-75.4242097,40.044852,578
-75.4190948,39.9154824,984
-75.418296,39.9852354,360
-75.4165078,39.9846055,133
-75.4163991,40.0478765,1132
-75.4160088,39.9848031,90
-75.409814,40.231498,57
-75.402983,39.839353,469
-75.3864637,40.1395023,133
-75.3848296,40.0816078,2660
-75.3835289,40.1376039,6
-75.3811301,40.1347474,147
-75.3796087,40.1344164,240
-75.37871,40.043859,222
-75.3783077,40.1326237,1726
-75.3749862,39.9842867,435
-75.3655187,40.4542868,737
-75.3642832,40.4558631,530
-75.3639443,40.1237834,635
-75.3601888,39.9820406,40
-75.3554538,40.3084197,1088
-75.3546541,39.8882337,404
-75.3539237,40.310584,740
-75.3538,39.802361,5
-75.3528981,40.4356495,769
-75.3526969,40.4333544,661
-75.3507511,40.4294719,688
-75.347119,40.4227275,310
-75.3457818,40.4228359,589
-75.3447706,40.0932563,198
-75.3411431,40.2450679,259
-75.3376341,40.4067542,56
-75.3365737,39.9168044,1005
-75.3351222,39.9168723,52
-75.3334163,39.9181342,1219
-75.3317506,39.9184906,373
-75.3293766,40.3180055,182
-75.3288003,40.0266529,44
-75.3232102,40.1088421,147
-75.3231933,40.3093298,15
-75.3223029,40.0671225,259
-75.3219482,40.1076486,319
-75.321586,39.955443,79
-75.3194293,39.9216058,373
-75.3191252,39.9217903,56
-75.3190884,39.9226177,14
-75.3186096,39.7378574,312
-75.317955,40.1076244,650
-75.3171903,40.1069063,295
-75.3162615,40.1070319,113
-75.3150252,40.3024258,3
-75.3141977,39.9246176,579
-75.3106621,39.9252276,77
-75.3105138,40.1026966,427
-75.310002,40.1035958,244
-75.3097174,40.017232,511
-75.3088517,40.1033547,294
-75.3088198,40.1027154,894
-75.3079297,40.1033149,2
-75.3072349,40.1029902,12
-75.3066775,40.1026433,3852
-75.3059064,40.1524033,192
-75.3056403,40.101883,6
-75.305066,40.316984,380
-75.3049764,40.0741428,20
-75.303018,40.343649,342
-75.302324,39.8861727,54
-75.2975761,40.2974743,154
-75.2962456,40.0105264,370
-75.2951868,39.9034078,44
-75.2949309,40.0964091,1878
-75.2946535,40.0097233,401
-75.294203,40.193136,45
-75.2936499,40.0872336,583
-75.2933752,40.0096583,179
-75.2905544,39.8986928,183
-75.2894011,39.9068894,332
-75.2887486,40.3025003,3517
-75.2886677,40.1691003,3
-75.2880645,39.9087121,2
-75.2874696,40.3014727,1188
-75.2864595,40.0060651,896
-75.2857225,40.2507362,150
-75.2843788,40.0047691,1053
-75.2803392,40.0031871,333
-75.2790994,40.0028929,325
-75.2787212,40.2392139,638
-75.2771746,39.9063419,27
-75.2743608,40.2515545,40
-75.2729791,40.2517746,680
-75.2697591,40.25548,1
-75.2697391,39.9389823,55
-75.260861,40.276379,1416
-75.2607253,39.9533109,146
-75.2559739,40.2711318,1335
-75.2519652,39.9269611,119
-75.2463418,40.2531859,846
-75.2457546,40.2490798,927
-75.2390288,40.0052403,166
-75.2383227,39.6207026,366
-75.2325396,40.2253209,451
-75.232064,40.0062255,891
-75.2314935,40.2238707,250
-75.2253196,39.9038423,652
-75.224968,39.9047581,509
-75.2248695,39.9062523,1793
-75.224432,40.1760191,924
-75.2237452,39.9104635,385
-75.2234691,39.9122813,656
-75.2227559,39.9135269,1089
-75.2185079,39.9572308,850
-75.2151291,40.3787968,564
